Topic,Working statement
Business,"Kidd’s Technical Services, LLC (KTS), Oak Hill, West Virginia."
Position,"Pre-revenue, bootstrapped startup. Starting business cash is $0. KTS has no current contracts, deposits, invoices, purchase orders, or letters of intent."
Initial sale focus,"Local-business packages: accurate business information, directions, QR-linked information hubs, local listing cleanup, service-area pages, maps, and care plans."
Funding discussion,"Evaluate staged $25,000 and $50,000 startup cases first. Neither is approved financing."
Use of funds,"Core setup: legal/professional services, insurance, essential equipment, software/domains/storage/communications, website/portfolio/outreach, limited operating reserve, and project-funded delivery costs."
Cash discipline,Founder payroll is $0 in the starter model. Contractor work is project-funded only. Customer deposit policy is modeled at 50% before delivery.
ALLIS boundary,"ALLIS revenue is $0 and excluded from the funding request, repayment, and staffing assumptions."
Personal context,"Founder receives personal caregiver compensation through a Medicaid-waiver program. It is personal income, not KTS revenue. Founder is a caregiver; business operations and financing must be phased realistically around that responsibility."
Ask,"Help choose the smallest responsible funding path; test the monthly forecast; identify required owner documents, credit/collateral expectations, customer-validation milestones, and suitable lender programs."
