Use of funds,"$25,000 case","$50,000 case",Why it is needed,Evidence to obtain,Spending control,Notes
"Formation, legal, and professional reserve",2500,5000,"Entity setup, contracts, legal questions, professional setup",Written scope/quote where available,Pay only documented invoices/approved costs,"Legal relationship remains proposed, not contracted"
Insurance and compliance,2500,5000,Required coverage and launch compliance,Insurance quotes,Bind/pay only selected policy,Replace estimates with quote
"Core software, domains, email, storage, communications",2500,6000,"Business email, domain, backup, collaboration, mapping/tools",Vendor pricing,Monthly spending cap,No existing stack reported
Equipment and field tools,4000,8000,"Laptop/workstation, peripherals, storage, basic field tools",Written equipment quotes,Buy only necessary durable tools,No existing business equipment reported
"Website, portfolio, outreach, proposals, local sales",3500,8000,Customer acquisition and credible service presentation,Marketing and vendor estimates,"Track inquiries, proposals, wins, collections",Initial focus: local-business packages
Initial operating reserve,7000,10000,Cash cushion while selling and collecting deposits,24-month cash flow,Monthly budget review,No founder payroll assumed
Project delivery / contractor reserve,2500,6000,Direct delivery costs for paid customer projects,Signed scope plus deposit/funding,Release only for funded work,No standing contractor commitment
Contingency,500,2000,Unexpected documented startup/delivery need,Documented need,Owner approval / receipt,Not discretionary compensation
TOTAL,25000,50000,,,,
